{
  "name": "smart-todo",
  "version": "1.0.0",
  "description": "Smart To-Do - Manage daily tasks with a sleek, user-friendly interface",
  "main": "server.js",
  "scripts": {
    "start": "node server.js",
    "dev": "nodemon server.js"
  },
  "keywords": ["todo", "task", "management", "mongodb", "nodejs"],
  "author": "Smart To-Do Team",
  "license": "MIT",
  "dependencies": {
    "express": "^4.18.2",
    "mongoose": "^7.5.0",
    "cors": "^2.8.5",
    "dotenv": "^16.3.1",
    "body-parser": "^1.20.2"
  },
  "devDependencies": {
    "nodemon": "^3.0.1"
  }
}
